"https://www.amazon.in/s?k=macbook+pro&ref=nb_sb_noss_2","Amazon.in: macbook pro","2019-08-06 16:49:00"
"https://www.amazon.in/s?i=aps&k=macbook%20pro&ref=nb_sb_noss_2&url=search-alias%3Daps","Amazon.in: macbook pro","2019-08-06 16:48:58"
"https://www.amazon.in/s?k=macbook+air&ref=nb_sb_noss","Amazon.in: macbook air","2019-08-06 16:48:54"
"https://www.amazon.in/s?i=aps&k=macbook%20air&ref=nb_sb_noss&url=search-alias%3Daps","Amazon.in: macbook air","2019-08-06 16:48:52"
"https://www.amazon.in/s?i=aps&k=macbook%20air&ref=nb_sb_noss_2&url=search-alias%3Daps","Amazon.in: macbook air","2019-08-06 16:46:43"
"https://www.amazon.in/s?k=macbook+air&ref=nb_sb_noss_2","Amazon.in: macbook air","2019-08-06 16:46:43"
"https://www.amazon.in/s?k=Macbook+promacbook+air&ref=nb_sb_noss_2","Amazon.in: macbook pro macbook air","2019-08-06 16:46:32"
"https://www.amazon.in/s?i=aps&k=Macbook%20promacbook%20air&ref=nb_sb_noss_2&url=search-alias%3Daps","Amazon.in: macbook pro macbook air","2019-08-06 16:46:31"
"https://www.amazon.in/s?k=Macbook+pro&ref=nb_sb_noss_2","Amazon.in: Macbook pro","2019-08-06 16:46:27"
"https://www.amazon.in/s?i=aps&k=Macbook%20pro&ref=nb_sb_noss_2&url=search-alias%3Daps","Amazon.in: Macbook pro","2019-08-06 16:46:26"
"https://www.amazon.in/s?k=ZenBook+UX430UN&ref=nb_sb_noss","Amazon.in: ZenBook UX430UN","2019-08-06 16:36:07"
"https://www.amazon.in/s?i=aps&k=ZenBook%20UX430UN&ref=nb_sb_noss&url=search-alias%3Daps","Amazon.in: ZenBook UX430UN","2019-08-06 16:36:02"
"https://www.amazon.in/s?i=aps&k=macbook%20air&ref=nb_sb_noss_2&url=search-alias%3Daps","Amazon.in: macbook air","2019-08-06 15:01:23"
"https://www.amazon.in/s?k=macbook+air&ref=nb_sb_noss_2","Amazon.in: macbook air","2019-08-06 15:01:23"
"https://www.amazon.in/s?i=aps&k=macbook%20pro&ref=nb_sb_noss_2&url=search-alias%3Daps","Amazon.in: macbook pro","2019-08-06 15:01:16"
"https://www.amazon.in/s?k=macbook+pro&ref=nb_sb_noss_2","Amazon.in: macbook pro","2019-08-06 15:01:16"
"https://www.amazon.in/s?k=macbook+pro&ref=nb_sb_noss_2","Amazon.in: macbook pro","2019-08-06 15:01:07"
"https://www.amazon.in/s?i=aps&k=macbook%20pro&ref=nb_sb_noss_2&url=search-alias%3Daps","Amazon.in: macbook pro","2019-08-06 15:01:06"
"https://www.amazon.in/s?k=Latitude+5590&ref=nb_sb_noss","Amazon.in: Latitude 5590","2019-08-06 14:29:50"
"https://www.amazon.in/s?i=aps&k=Latitude%205590&ref=nb_sb_noss&url=search-alias%3Daps","Amazon.in: Latitude 5590","2019-08-06 14:29:49"
"https://www.amazon.in/s?i=aps&k=Inspiron%205579&ref=nb_sb_noss&url=search-alias%3Daps","Amazon.in: Inspiron 5579","2019-08-06 14:19:11"
"https://www.amazon.in/s?k=Inspiron+5579&ref=nb_sb_noss","Amazon.in: Inspiron 5579","2019-08-06 14:19:11"
"https://www.amazon.in/s?k=Inspiron+3567&ref=nb_sb_noss_2","Amazon.in: Inspiron 3567","2019-08-06 14:18:17"
"https://www.amazon.in/s/ref=nb_sb_noss_2?url=search-alias%3Daps&field-keywords=Inspiron+3567","Amazon.in: Inspiron 3567","2019-08-06 14:18:14"
"https://amazon.in/","","2019-08-06 14:18:06"
"https://www.amazon.in/","Online Shopping site in India: Shop Online for Mobiles, Books, Watches, Shoes and More - Amazon.in","2019-08-06 14:18:06"
"http://amazon.in/","","2019-08-06 14:18:05"
"https://www.flipkart.com/dell-inspiron-14-3000-series-core-i3-7th-gen-4-gb-1-tb-hdd-windows-10-home-3467-laptop/p/itmf8ccgphyhzf4z?gclid=EAIaIQobChMIw63xgMbt4wIVkoRwCh3rNQxoEAYYASABEgKGiPD_BwE&pid=COMF8CCGDN8EYGNU&lid=LSTCOMF8CCGDN8EYGNUVMAXIF&marketplace=FLIPKART&cmpid=content_computer_8965229628_gmc_pla&tgi=sem,1,G,11214002,g,search,,49950237140,1o1,,,c,,,,,,,&ef_id=EAIaIQobChMIw63xgMbt4wIVkoRwCh3rNQxoEAYYASABEgKGiPD_BwE:G:s&s_kwcid=AL!739!3!49950237140!!!g!619479715116!","Dell Inspiron 14 3000 Series Core i3 7th Gen - (4 GB/1 TB HDD/Windows 10 Home) 3467 Laptop Rs.32367 Price in India - Buy Dell Inspiron 14 3000 Series Core i3 7th Gen - (4 GB/1 TB HDD/Windows 10 Home) 3467 Laptop Black Online - Dell : Flipkart.com","2019-08-06 11:18:44"
"https://pixel.everesttech.net/739/cq?ev_sid=3&ev_lx=aud-306420368550:pla-619479715116&ev_ln=&ev_pl=&ev_crx=49950237140&ev_mt=&ev_n=g&ev_ltx=pla&ev_plx=LSTCOMF8CCGDN8EYGNUVMAXIF&ev_ptid=619479715116&ev_mid=110131434&ev_cty=IN&ev_lan=en&ev_dvc=c&ev_dvm=&ev_phy=1007805&ev_loc=&ev_cx=225767780&ev_ax=16217896100&ev_efid=EAIaIQobChMIw63xgMbt4wIVkoRwCh3rNQxoEAYYASABEgKGiPD_BwE:G:s&url=http://www.flipkart.com/dell-inspiron-14-3000-series-core-i3-7th-gen-4-gb-1-tb-hdd-windows-10-home-3467-laptop/p/itmf8ccgphyhzf4z%3Fpid%3DCOMF8CCGDN8EYGNU%26lid%3DLSTCOMF8CCGDN8EYGNUVMAXIF%26marketplace%3DFLIPKART%26cmpid%3Dcontent_computer_8965229628_gmc_pla%26tgi%3Dsem,1,G,11214002,g,search,,49950237140,1o1,,,c,,,,,,,%26ef_id%3DEAIaIQobChMIw63xgMbt4wIVkoRwCh3rNQxoEAYYASABEgKGiPD_BwE:G:s%26s_kwcid%3DAL!739!3!49950237140!!!g!619479715116!&gclid=EAIaIQobChMIw63xgMbt4wIVkoRwCh3rNQxoEAYYASABEgKGiPD_BwE","","2019-08-06 11:18:43"
"http://www.flipkart.com/dell-inspiron-14-3000-series-core-i3-7th-gen-4-gb-1-tb-hdd-windows-10-home-3467-laptop/p/itmf8ccgphyhzf4z?gclid=EAIaIQobChMIw63xgMbt4wIVkoRwCh3rNQxoEAYYASABEgKGiPD_BwE&pid=COMF8CCGDN8EYGNU&lid=LSTCOMF8CCGDN8EYGNUVMAXIF&marketplace=FLIPKART&cmpid=content_computer_8965229628_gmc_pla&tgi=sem,1,G,11214002,g,search,,49950237140,1o1,,,c,,,,,,,&ef_id=EAIaIQobChMIw63xgMbt4wIVkoRwCh3rNQxoEAYYASABEgKGiPD_BwE:G:s&s_kwcid=AL!739!3!49950237140!!!g!619479715116!","","2019-08-06 11:18:43"
"https://www.googleadservices.com/pagead/aclk?sa=L&ai=DChcSEwjDrfGAxu3jAhWShHAKHes1DGgYABATGgJzYg&ohost=www.google.com&cid=CAASE-RoMmi61rtv593qvMyCNCAqWGY&sig=AOD64_2pcNgmii4_mjJVh6kATLD-6fZP0g&ctype=5&q=&ved=0ahUKEwixxOuAxu3jAhWYXCsKHfXnDsEQ9aACCIAC&adurl=","","2019-08-06 11:18:41"
"https://www.google.com/search?q=dell+xperion&ie=utf-8&oe=utf-8","dell xperion - Google Search","2019-08-06 11:18:35"
"http://127.0.0.1:5000/","Dell store","2019-08-05 18:56:31"
"https://www.dell.com/","","2019-08-05 15:15:58"
"https://www.dell.com/en-in","Dell Official Site | Dell India","2019-08-05 15:15:58"
"http://dell.com/","","2019-08-05 15:15:57"
"https://amazon.in/","","2019-08-05 15:04:34"
"https://www.amazon.in/","Online Shopping site in India: Shop Online for Mobiles, Books, Watches, Shoes and More - Amazon.in","2019-08-05 15:04:34"
"http://amazon.in/","","2019-08-05 15:04:33"
"https://www.walmart.com/browse/apple/0/0/?_refineresult=true&_be_shelf_id=9261&search_sort=100&facet=shelf_id%3A9261&cat_id=0&grid=true&search_redirect=true&redirectQuery=macbook%20pro","","2019-08-05 14:40:22"
"https://www.walmart.com/search/?cat_id=0&query=macbook+pro","","2019-08-05 14:40:21"
"https://www.walmart.com/browse/apple/0/0/?_refineresult=true&_be_shelf_id=9261&search_sort=100&facet=shelf_id%3A9261&cat_id=0&grid=true&search_redirect=true&redirectQuery=macbook%20pro","","2019-08-05 14:40:15"
"https://www.walmart.com/search/?cat_id=0&query=macbook+pro","","2019-08-05 14:40:14"
"https://www.walmart.com/","Walmart.com | Save Money. Live Better.","2019-08-05 14:40:05"
"http://walmart.com/","","2019-08-05 14:40:04"
"https://www.ebay.com/sch/i.html?_from=R40&_trksid=m570.l1313&_nkw=macbook+pro&_sacat=0&LH_TitleDesc=0&_osacat=0&_odkw=macbook+pro","macbook pro | eBay","2019-08-05 14:38:35"
"https://www.ebay.com/sch/i.html?_from=R40&_trksid=m570.l1313&_nkw=macbook+pro&_sacat=0","macbook pro | eBay","2019-08-05 14:38:29"
"https://in.ebay.com/","Electronics, Cars, Fashion, Collectibles, Coupons and More | eBay","2019-08-05 14:38:20"
"https://www.google.com/search?q=ebay&ie=utf-8&oe=utf-8","ebay - Google Search","2019-08-05 14:38:17"
"https://www.google.com/search?q=sites+to+buy+laotop&ie=utf-8&oe=utf-8","sites to buy laotop - Google Search","2019-08-05 14:38:05"
"https://www.snapdeal.com/search?keyword=macbook%20pro&santizedKeyword=macbook+pro&catId=0&categoryId=0&suggested=false&vertical=p&noOfResults=20&searchState=&clickSrc=go_header&lastKeyword=&prodCatId=&changeBackToAll=false&foundInAll=false&categoryIdSearched=&cityPageUrl=&categoryUrl=&url=&utmContent=&dealDetail=&sort=rlvncy","Snapdeal.com - Online shopping India- Discounts - shop Online Perfumes, Watches, sunglasses etc","2019-08-05 14:36:51"
"https://www.snapdeal.com/search?keyword=macbook%20pro&santizedKeyword=macbook+pro&catId=0&categoryId=0&suggested=false&vertical=p&noOfResults=20&searchState=&clickSrc=go_header&lastKeyword=&prodCatId=&changeBackToAll=false&foundInAll=false&categoryIdSearched=&cityPageUrl=&categoryUrl=&url=&utmContent=&dealDetail=&sort=rlvncy","Snapdeal.com - Online shopping India- Discounts - shop Online Perfumes, Watches, sunglasses etc","2019-08-05 14:36:48"
"https://www.snapdeal.com/search?keyword=macbook+pro&santizedKeyword=macbook+pro&catId=0&categoryId=0&suggested=false&vertical=p&noOfResults=20&searchState=&clickSrc=go_header&lastKeyword=&prodCatId=&changeBackToAll=false&foundInAll=false&categoryIdSearched=&cityPageUrl=&categoryUrl=&url=&utmContent=&dealDetail=","Snapdeal.com - Online shopping India- Discounts - shop Online Perfumes, Watches, sunglasses etc","2019-08-05 14:36:44"
"https://www.flipkart.com/search?q=inspiron%2015&otracker=search&otracker1=search&marketplace=FLIPKART&as-show=on&as=off","Inspiron 15 - Buy Products Online at Best Price in India - All Categories | Flipkart.com","2019-08-05 14:25:50"
"https://www.flipkart.com/search?q=inspiron%2015&otracker=search&otracker1=search&marketplace=FLIPKART&as-show=off&as=off","Inspiron 15 - Buy Products Online at Best Price in India - All Categories | Flipkart.com","2019-08-05 14:25:48"
"https://www.flipkart.com/search?q=inspiron+15&sid=6bo%2Cb5g&as=on&as-show=on&otracker=AS_QueryStore_OrganicAutoSuggest_0_8&otracker1=AS_QueryStore_OrganicAutoSuggest_0_8&as-pos=0&as-type=RECENT&as-backfill=on","Inspiron 15 - Buy Products Online at Best Price in India - All Categories | Flipkart.com","2019-08-05 14:25:45"
"https://www.flipkart.com/","Online Shopping Site for Mobiles, Electronics, Furniture, Grocery, Lifestyle, Books & More. Best Offers!","2019-08-05 14:25:34"
"https://www.google.com/search?q=Flipkart&ie=utf-8&oe=utf-8","Flipkart - Google Search","2019-08-05 14:25:30"
"https://www.snapdeal.com/search?keyword=macbook%20pro&santizedKeyword=macbook+pro&catId=0&categoryId=0&suggested=false&vertical=p&noOfResults=20&searchState=&clickSrc=go_header&lastKeyword=&prodCatId=&changeBackToAll=false&foundInAll=false&categoryIdSearched=&cityPageUrl=&categoryUrl=&url=&utmContent=&dealDetail=&sort=rlvncy","Snapdeal.com - Online shopping India- Discounts - shop Online Perfumes, Watches, sunglasses etc","2019-08-05 14:25:20"
"https://www.snapdeal.com/search?keyword=macbook+pro&santizedKeyword=macbook+pro&catId=0&categoryId=0&suggested=false&vertical=p&noOfResults=20&searchState=&clickSrc=go_header&lastKeyword=&prodCatId=&changeBackToAll=false&foundInAll=false&categoryIdSearched=&cityPageUrl=&categoryUrl=&url=&utmContent=&dealDetail=","Snapdeal.com - Online shopping India- Discounts - shop Online Perfumes, Watches, sunglasses etc","2019-08-05 14:25:18"
"https://www.snapdeal.com/search?keyword=macbook%20pro&santizedKeyword=macbook+pro&catId=0&categoryId=0&suggested=false&vertical=p&noOfResults=20&searchState=&clickSrc=go_header&lastKeyword=&prodCatId=&changeBackToAll=false&foundInAll=false&categoryIdSearched=&cityPageUrl=&categoryUrl=&url=&utmContent=&dealDetail=&sort=rlvncy","Snapdeal.com - Online shopping India- Discounts - shop Online Perfumes, Watches, sunglasses etc","2019-08-05 14:25:18"
"https://www.snapdeal.com/search?keyword=macbook%20pro&santizedKeyword=macbook+pro&catId=0&categoryId=0&suggested=false&vertical=p&noOfResults=20&searchState=&clickSrc=go_header&lastKeyword=&prodCatId=&changeBackToAll=false&foundInAll=false&categoryIdSearched=&cityPageUrl=&categoryUrl=&url=&utmContent=&dealDetail=&sort=rlvncy","Snapdeal.com - Online shopping India- Discounts - shop Online Perfumes, Watches, sunglasses etc","2019-08-05 14:25:15"
"https://www.snapdeal.com/search?keyword=macbook+pro&santizedKeyword=macbook+pro&catId=0&categoryId=0&suggested=false&vertical=p&noOfResults=20&searchState=&clickSrc=go_header&lastKeyword=&prodCatId=&changeBackToAll=false&foundInAll=false&categoryIdSearched=&cityPageUrl=&categoryUrl=&url=&utmContent=&dealDetail=","Snapdeal.com - Online shopping India- Discounts - shop Online Perfumes, Watches, sunglasses etc","2019-08-05 14:25:13"
"https://www.snapdeal.com/search?keyword=macbook%20pro&santizedKeyword=&catId=&categoryId=0&suggested=false&vertical=&noOfResults=20&searchState=&clickSrc=go_header&lastKeyword=&prodCatId=&changeBackToAll=false&foundInAll=false&categoryIdSearched=&cityPageUrl=&categoryUrl=&url=&utmContent=&dealDetail=&sort=rlvncy","Snapdeal.com - Online shopping India- Discounts - shop Online Perfumes, Watches, sunglasses etc","2019-08-05 14:25:10"
"https://www.snapdeal.com/search?keyword=macbook+pro&santizedKeyword=&catId=&categoryId=0&suggested=false&vertical=&noOfResults=20&searchState=&clickSrc=go_header&lastKeyword=&prodCatId=&changeBackToAll=false&foundInAll=false&categoryIdSearched=&cityPageUrl=&categoryUrl=&url=&utmContent=&dealDetail=","Snapdeal.com - Online shopping India- Discounts - shop Online Perfumes, Watches, sunglasses etc","2019-08-05 14:25:07"
"https://www.snapdeal.com/","Online Shopping Site India - Shop Electronics, Mobiles, Men & Women Clothing, Shoes - www. Snapdeal.com","2019-08-05 14:24:58"
"https://www.google.com/search?q=snapdeal&ie=utf-8&oe=utf-8","snapdeal - Google Search","2019-08-05 14:24:53"
"https://support.mozilla.org/en-US/kb/how-change-your-default-browser-windows-10?utm_source=firefox-browser&utm_medium=firefox-browser&utm_campaign=redirect&utm_content=windows10-welcome-tab","How to change your default browser in Windows 10 | Firefox Help","2019-08-05 14:24:48"
"https://support.mozilla.org/kb/how-change-your-default-browser-windows-10?utm_source=firefox-browser&utm_medium=firefox-browser&utm_campaign=redirect&utm_content=windows10-welcome-tab","","2019-08-05 14:24:47"
"https://www.mozilla.org/en-US/firefox/windows-10/welcome/?utm_source=firefox-browser&utm_medium=firefox-browser","","2019-08-05 14:24:44"
"https://www.amazon.in/s?k=macbook+air&ref=nb_sb_noss","Amazon.in: macbook air","2019-08-05 10:48:37"
"https://www.amazon.in/s?i=aps&k=macbook%20air&ref=nb_sb_noss&url=search-alias%3Daps","Amazon.in: macbook air","2019-08-05 10:48:36"
"https://www.amazon.in/s?i=aps&k=macbook%20air&ref=nb_sb_noss&url=search-alias%3Daps","Amazon.in: macbook air","2019-08-05 10:48:33"
"https://www.amazon.in/s?k=macbook+air&ref=nb_sb_noss","Amazon.in: macbook air","2019-08-05 10:48:33"
"https://www.amazon.in/s?k=macbook+air&ref=nb_sb_noss","Amazon.in: macbook air","2019-08-05 10:48:29"
"https://www.amazon.in/s?i=aps&k=macbook%20air&ref=nb_sb_noss&url=search-alias%3Daps","Amazon.in: macbook air","2019-08-05 10:48:28"
"https://www.amazon.in/s?i=aps&k=macbook%20air&ref=nb_sb_noss&url=search-alias%3Daps","Amazon.in: macbook air","2019-08-05 10:48:24"
"https://www.amazon.in/s?k=macbook+air&ref=nb_sb_noss","Amazon.in: macbook air","2019-08-05 10:48:24"
"https://www.amazon.in/s?k=macbook+air&ref=nb_sb_noss","Amazon.in: macbook air","2019-08-05 10:48:17"
"https://www.amazon.in/s?i=aps&k=macbook%20air&ref=nb_sb_noss&url=search-alias%3Daps","Amazon.in: macbook air","2019-08-05 10:48:16"
"https://www.amazon.in/s?i=aps&k=macbook%20air&ref=nb_sb_noss&url=search-alias%3Daps","Amazon.in: macbook air","2019-08-05 10:48:12"
"https://www.amazon.in/s?k=macbook+air&ref=nb_sb_noss","Amazon.in: macbook air","2019-08-05 10:48:12"
"https://www.amazon.in/s?k=macbook+air&ref=nb_sb_noss","Amazon.in: macbook air","2019-08-05 10:47:55"
"https://www.amazon.in/s?i=aps&k=macbook%20air&ref=nb_sb_noss&url=search-alias%3Daps","Amazon.in: macbook air","2019-08-05 10:47:54"
"https://www.amazon.in/s?k=macbook+air&ref=nb_sb_noss","Amazon.in: macbook air","2019-08-05 10:47:50"
"https://www.amazon.in/s?i=aps&k=macbook%20air&ref=nb_sb_noss&url=search-alias%3Daps","Amazon.in: macbook air","2019-08-05 10:47:49"
"https://www.amazon.in/s?k=macbook+air&ref=nb_sb_noss_2","Amazon.in: macbook air","2019-08-05 10:47:47"
"https://www.amazon.in/s?i=aps&k=macbook%20air&ref=nb_sb_noss_2&url=search-alias%3Daps","Amazon.in: macbook air","2019-08-05 10:47:45"
"https://www.amazon.in/s?k=macbook+air&ref=nb_sb_noss_2","Amazon.in: macbook air","2019-08-05 10:47:41"
"https://www.amazon.in/s?i=aps&k=macbook%20air&ref=nb_sb_noss_2&url=search-alias%3Daps","Amazon.in: macbook air","2019-08-05 10:47:39"
"https://www.amazon.in/s?k=xps+13&ref=nb_sb_noss_2","Amazon.in: xps 13","2019-08-05 10:33:02"
"https://www.amazon.in/s?i=aps&k=xps%2013&ref=nb_sb_noss_2&url=search-alias%3Daps","Amazon.in: xps 13","2019-08-05 10:33:01"
"https://www.amazon.in/s?k=macbook+pro&ref=nb_sb_noss_2","Amazon.in: macbook pro","2019-08-05 10:32:55"
"https://www.amazon.in/s?i=aps&k=macbook%20pro&ref=nb_sb_noss_2&url=search-alias%3Daps","Amazon.in: macbook pro","2019-08-05 10:32:54"
"https://www.amazon.in/s?i=aps&k=macbook%2012&ref=nb_sb_noss&url=search-alias%3Daps","Amazon.in: macbook 12","2019-08-05 10:29:21"
"https://www.amazon.in/s?k=macbook+12&ref=nb_sb_noss","Amazon.in: macbook 12","2019-08-05 10:29:21"
"https://www.amazon.in/s?k=macbook+12&ref=nb_sb_noss","Amazon.in: macbook 12","2019-08-05 10:29:19"
"https://www.amazon.in/s?i=aps&k=macbook%2012&ref=nb_sb_noss&url=search-alias%3Daps","Amazon.in: macbook 12","2019-08-05 10:29:18"
"https://www.amazon.in/s?k=macbook+12&ref=nb_sb_noss","Amazon.in: macbook 12","2019-08-05 10:29:15"
"https://www.amazon.in/s?i=aps&k=macbook%2012&ref=nb_sb_noss&url=search-alias%3Daps","Amazon.in: macbook 12","2019-08-05 10:29:14"
"https://www.amazon.in/s?k=macbook+12&ref=nb_sb_noss_2","Amazon.in: macbook 12","2019-08-05 10:29:08"
"https://www.amazon.in/s?i=aps&k=macbook%2012&ref=nb_sb_noss_2&url=search-alias%3Daps","Amazon.in: macbook 12","2019-08-05 10:29:08"
"https://www.amazon.in/s?k=xps&ref=nb_sb_noss","Amazon.in: xps","2019-08-05 10:06:12"
"https://www.amazon.in/s?i=aps&k=xps&ref=nb_sb_noss&url=search-alias%3Daps","Amazon.in: xps","2019-08-05 10:06:11"
"https://www.amazon.in/s?k=macbook+air&ref=nb_sb_noss_2","Amazon.in: macbook air","2019-08-05 10:06:06"
"https://www.amazon.in/s?i=aps&k=macbook%20air&ref=nb_sb_noss_2&url=search-alias%3Daps","Amazon.in: macbook air","2019-08-05 10:06:04"
"https://www.amazon.in/s?k=macbook+12&ref=nb_sb_noss_1","Amazon.in: macbook 12","2019-08-05 10:06:00"
"https://www.amazon.in/s?i=aps&k=macbook%2012&ref=nb_sb_noss_1&url=search-alias%3Daps","Amazon.in: macbook 12","2019-08-05 10:05:59"
"https://www.amazon.in/s?k=macbook+12&ref=nb_sb_noss_1","Amazon.in: macbook 12","2019-08-05 10:05:54"
"https://www.amazon.in/s?i=aps&k=macbook%2012&ref=nb_sb_noss_1&url=search-alias%3Daps","Amazon.in: macbook 12","2019-08-05 10:05:53"
"https://www.amazon.in/s?i=aps&k=macbook%2012&ref=nb_sb_noss&url=search-alias%3Daps","Amazon.in: macbook 12","2019-08-05 10:05:47"
"https://www.amazon.in/s?k=macbook+12&ref=nb_sb_noss","Amazon.in: macbook 12","2019-08-05 10:05:47"
"https://www.amazon.in/s?k=macbook+12&ref=nb_sb_noss_2","Amazon.in: macbook 12","2019-08-05 10:05:42"
"https://www.amazon.in/s/ref=nb_sb_noss_2?url=search-alias%3Daps&field-keywords=macbook+12","Amazon.in: macbook 12","2019-08-05 10:05:39"
"https://www.amazon.in/","Online Shopping site in India: Shop Online for Mobiles, Books, Watches, Shoes and More - Amazon.in","2019-08-05 10:05:25"
"http://amazon.in/","","2019-08-05 10:05:24"
"https://amazon.in/","","2019-08-05 10:05:24"
"https://www.amazon.in/","Online Shopping site in India: Shop Online for Mobiles, Books, Watches, Shoes and More - Amazon.in","2019-08-04 18:38:53"
"https://amazon.in/","","2019-08-04 18:38:52"
"http://amazon.in/","","2019-08-04 18:38:51"
"https://mousheen.net/1/1407888/?var=1995471","","2019-07-09 21:15:42"
"https://mousheen.net/?ip=3ca85025f00dc74196b9f0bb75a3ec28&pbk3=84ed784e0a7b23cf6b129d01f053053f6711689672322933293&r=%2Foc%2Fhan&universal=1&co=0&rf=1&zoneid=1995471&xref=d3d3NS55ZXNtb3ZpZXMuZ2c&fs=0&cf=0&sw=1366&sh=768&sah=728&wx=-8&wy=-8&ww=1382&wh=744&cw=1349&wiw=1366&wih=657&wfc=7&pl=https%3A%2F%2Fwww5.yesmovies.gg%2Ffilm%2Fstranger-things-season-3%2Fwatching.html%3Fep%3D5&drf=&np=1&pt=0&nb=0&ng=1&ix=0&nw=0","","2019-07-09 21:15:42"
"https://www5.yesmovies.gg/images/logo-footer.png","logo-footer.png (PNG Image, 573 × 123 pixels)","2019-07-09 21:15:41"
"https://success-is-in-reach.com/iq-survey/?language=en&country=in&domout=www.yibacurd.com&bg=pool&questions=ever-wwyd&cep=dDMCHNB4GkTpgoSddyG1YMVQrZbTr1i1z_GCUAHGRRHMdZ8doqyHWT8yhrZeZl5vR5nPH7eXs7-epnlIPFHxkC_kJLC0mU9rZJcKaiAPY1Ag3W9lXSgz4L7vlMwa_fo_2OrOsX_OEbU5gGbUKeA7Op6Okp26SXTbcsT5_riGxS3VACxSZcYvkjdSIwAVKv1zYnS3x3XhCYbSnAQoymUDro6DqaOC5Q5Rsd9puLfM_Y7SzMy_7l4vbz7gWcHXrc7_O9BiVjrbXjxQzjBhMxBjgHs89mwpIHxefgFXNi8Wh9yC4WRy_Xs2v7oWBcLNRJAe2BCqe9KZLSzJYEeIUwQpXpCfFCLsOXQRHUuBa4Q_GyLmUfeZwJHbodVWjTuXTUHZKQtAHAdXKvZIcDu7cXVn1Xu_4pwNMYKKfrz-pRaVBix9xuLdCsr3OHYZO3QDFoVKkzOmyYJeqZVSJM7MAAcXXlB-vOTr3KXkBjVHmT_Bg5j0asGGzwK8DLspzW8JjOEd2AgTksyDlU04izWV4yfNh_kB0wlbcmkNWz0Rnyvslvs&lptoken=15b662656887882886a4&zoneid=1995471&device=desktop&ad=AD&os=windows&region=HR&isp=reliance%20jio%20infocomm%20limited&useragent=Mozilla/5.0%20(Windows%20NT%206.3;%20WOW64;%20rv:30.0)%20Gecko/20100101%20Firefox/30.0&connectiontype=%7Bconnectiontype%7D&cost=0.00012366155572106&visitor_id=172484746239029248&universal=1","Investing Opportunity","2019-07-09 21:14:49"
"https://success-is-in-reach.com/iq-survey/b.php?d=http%3A%2F%2Fwww.yibacurd.com%2F4f6c49e5-9e04-4114-bea3-585b75b5dd4a%3Fsrc%3D%26camp%3D%26v1%3D%26v2%3D%26v3%3D%26v4%3D%26v5%3D%26type%3Dback","Investing Opportunity","2019-07-09 21:14:49"
"https://mousheen.net/1/1407888/?var=1995471","","2019-07-09 21:14:48"
"https://mousheen.net/?ip=3ca85025f00dc74196b9f0bb75a3ec28&pbk3=84ed784e0a7b23cf6b129d01f053053f6711689672322933293&r=%2Foc%2Fhan&universal=1&co=0&rf=1&zoneid=1995471&xref=d3d3NS55ZXNtb3ZpZXMuZ2c&fs=0&cf=0&sw=1366&sh=768&sah=728&wx=-8&wy=-8&ww=1382&wh=744&cw=1349&wiw=1366&wih=657&wfc=7&pl=https%3A%2F%2Fwww5.yesmovies.gg%2Ffilm%2Fstranger-things-season-3%2Fwatching.html%3Fep%3D5&drf=&np=1&pt=0&nb=0&ng=1&ix=0&nw=0","","2019-07-09 21:14:48"
"http://www.yibacurd.com/188ed50e-2775-4a5e-b8e6-9b33bf135a54?zoneid=1995471&device=desktop&ad=AD&os=windows&country=IN&region=HR&isp=reliance+jio+infocomm+limited&useragent=Mozilla%2F5.0+%28Windows+NT+6.3%3B+WOW64%3B+rv%3A30.0%29+Gecko%2F20100101+Firefox%2F30.0&language=en&connectiontype={connectiontype}&cost=0.00012366155572106&visitor_id=172484746239029248&universal=1","","2019-07-09 21:14:48"
"https://success-is-in-reach.com/iq-survey/?language=en&country=in&domout=www.yibacurd.com&bg=pool&questions=ever-wwyd&cep=dDMCHNB4GkTpgoSddyG1YMVQrZbTr1i1z_GCUAHGRRHMdZ8doqyHWT8yhrZeZl5vR5nPH7eXs7-epnlIPFHxkC_kJLC0mU9rZJcKaiAPY1Ag3W9lXSgz4L7vlMwa_fo_2OrOsX_OEbU5gGbUKeA7Op6Okp26SXTbcsT5_riGxS3VACxSZcYvkjdSIwAVKv1zYnS3x3XhCYbSnAQoymUDro6DqaOC5Q5Rsd9puLfM_Y7SzMy_7l4vbz7gWcHXrc7_O9BiVjrbXjxQzjBhMxBjgHs89mwpIHxefgFXNi8Wh9yC4WRy_Xs2v7oWBcLNRJAe2BCqe9KZLSzJYEeIUwQpXpCfFCLsOXQRHUuBa4Q_GyLmUfeZwJHbodVWjTuXTUHZKQtAHAdXKvZIcDu7cXVn1Xu_4pwNMYKKfrz-pRaVBix9xuLdCsr3OHYZO3QDFoVKkzOmyYJeqZVSJM7MAAcXXlB-vOTr3KXkBjVHmT_Bg5j0asGGzwK8DLspzW8JjOEd2AgTksyDlU04izWV4yfNh_kB0wlbcmkNWz0Rnyvslvs&lptoken=15b662656887882886a4&zoneid=1995471&device=desktop&ad=AD&os=windows&region=HR&isp=reliance%20jio%20infocomm%20limited&useragent=Mozilla/5.0%20(Windows%20NT%206.3;%20WOW64;%20rv:30.0)%20Gecko/20100101%20Firefox/30.0&connectiontype=%7Bconnectiontype%7D&cost=0.00012366155572106&visitor_id=172484746239029248&universal=1","Investing Opportunity","2019-07-09 21:14:48"
"https://www5.yesmovies.gg/images/logo-footer.png","logo-footer.png (PNG Image, 573 × 123 pixels)","2019-07-09 21:14:46"
"http://uod2quk646.com/js9tsfxd?shu=0e21d6178f7e086aea7cf3df879d12cdc9a0c08b03c259af28c65ccce5345e344e44e21ba890862a97942c1966ff59e011bbb95e7d27b7aa26cff1e5279a33c0518f108fe21fca4228&pst=1562687139&rmtc=t&uuid=f47b4a2f-061d-4f56-bd45-3bede71a053d%3A3%3A1&pii=&in=false&key=2fa92bf4f2348bd80142a865f81c3a60","","2019-07-09 21:14:43"
"http://uod2quk646.com/js9tsfxd?key=2fa92bf4f2348bd80142a865f81c3a60","","2019-07-09 21:14:41"
"http://uod2quk646.com/js9tsfxd?key=0f22c1fd609f13cb7947c8cabfe1a90d&psid=14568147","","2019-07-09 21:14:41"
"https://anonym.to/?http://investmentguruindia.com/StockMarket/all_Stock-On-The-Move","anonym.to - Anonym surfen - link to other sites anonymously","2019-07-09 21:14:16"
"https://mob.kaipirinhaloka.xyz/redirect?feed=165208&auth=ebuQy0&url=&subid=150086_86675_3134333&query=File+sharing","","2019-07-09 21:14:15"
"https://in.1xbet.com/?tag=d_50239m_2895c_[]MS[]null[]null[]3134333","","2019-07-09 21:14:15"
"https://in.1xbet.com/en/?tag=d_50239m_2895c_[]MS[]null[]null[]3134333","1XBET.COM Bookmaker. Online sports betting","2019-07-09 21:14:15"
"https://refpaydc.top/L?tag=d_50239m_2895c_[]MS[]null[]null[]3134333&site=50239&ad=2895","","2019-07-09 21:14:14"
"https://kfqronzxcrdt.com/s?cid=6134679&iuid=770293554&ts=1562687049&ps=824479430&pw=385&pl=%217uc%2B3Njm8fo1jo4XO5GWYqH17vb7qWe32N3wydXlRccUvhAHQAQo%2BgItIt8XRok5XdRyQvWA9Jz63HObqUj7Jz1hiPg69rvgv6ZE8bRsRjdvUbgrJa6Dg7I6gRMBgPjfqJ%2BrZS2%2F7dnA%2FEg%2BbHWljWqQ5LaB3KC1HREnZU7r2Sth9tfI1hYr%2BqbCqudFVY2nsEyJcYR6Fb6qyrkGuKNNe8yK2zPLUh8iX%2FigaDklCbxZWGemCCRpudQUdyx6CzpZdKwM9s1gwYJs%2BkrkgMbxKyh2816I%2BdbRhtCiH2%2FAklv8y2aJGODMyKi4X7507xy0QMMsKTUycn4M%2Fd582txgQy%2Bw6IwCYLr5i7JHMwohFYr8bSur5VuBz1wSIWx%2Fw20j&r=&p=&g=","","2019-07-09 21:14:13"
"http://click.jadspro.live/click?i=hviB2y*8xm4_0","","2019-07-09 21:14:13"
"http://xml.explorads.com/click?i=bvT3A42ubx0_0","","2019-07-09 21:14:13"
"http://syndication.exosrv.com/splash-zones-split.php?st=ref&main_zone=2792946&type=8&sub=2&ref=https%3A%2F%2Fvidcloud.icu%2Fstreaming.php%3Fid%3DMjY5Njc5%26title%3DStranger%2BThings%2B-%2BSeason%2B3%2BEpisode%2B5%2B-%2BThe%2BSource%26typesub%3DSUB%26sub%3DL3N0cmFuZ2VyLXRoaW5ncy1zZWFzb24tMy1lcGlzb2RlLTUtdGhlLXNvdXJjZS9zdHJhbmdlci10aGluZ3Mtc2Vhc29uLTMtZXBpc29kZS01LXRoZS1zb3VyY2UudnR0%26cover%3DY292ZXIvc3RyYW5nZXItdGhpbmdzLXNlYXNvbi0zLWxhcmdlLnBuZw%3D%3D&p=http%3A%2F%2Fopenload.co&tested=1&check=7903134439d5eb6da8fa452465af8ba1&screen_resolution=1366x768&container_resolution=1303x634&iframe=0","","2019-07-09 21:14:13"
"http://syndication.exosrv.com/splash-zones-split.php?st=ref&main_zone=2792946&type=8&sub=2&ref=https%3A%2F%2Fvidcloud.icu%2Fstreaming.php%3Fid%3DMjY5Njc5%26title%3DStranger%2BThings%2B-%2BSeason%2B3%2BEpisode%2B5%2B-%2BThe%2BSource%26typesub%3DSUB%26sub%3DL3N0cmFuZ2VyLXRoaW5ncy1zZWFzb24tMy1lcGlzb2RlLTUtdGhlLXNvdXJjZS9zdHJhbmdlci10aGluZ3Mtc2Vhc29uLTMtZXBpc29kZS01LXRoZS1zb3VyY2UudnR0%26cover%3DY292ZXIvc3RyYW5nZXItdGhpbmdzLXNlYXNvbi0zLWxhcmdlLnBuZw%3D%3D","","2019-07-09 21:14:12"
"https://serve.popads.net/s?cid=18&iuid=2032862322&ts=1562687049&ps=824479430&pw=621&pl=%21HYAs1Q1WDtOE7lOIfq1%2BcvG485pJuG0Y4Df5C5hmW78nEIskBToyvUiKzPFC4m9IrJrPUxykliazP684KxWem5U9fF2%2FDuAPMewczrYRd9bRiCAX1yAtGBpd1kR1Vd1j3eyHuKu5eczWEMN%2BlDUW0kaprhbjEVi6%2BSIn0ST7jVWsXnPRgBaKokT7GOigchAtqP5QOCBFUtgxEpXG8CvomFPjYjiL3XwTqgKUH%2BboA4VBHWbCBeCcsSwhsRKA7haq6yQ4tFehrC7j3dhA%2BagEU0sZMRXaLe2YnR3Q4cDF6tUOBkIG8d8GOWiPa%2B0jc6x%2B6kJUYWZeGXgjT1RCxthyN6f2dkpdr3OyjKpnN0KwCgP%2FmHkHutmZDonaqNjkJS4lMEqZnVx31PyFwwkkCYNm%2FQltg9L20wYvdJtzoJpS2tEFf4gYyg6Abgt6%2Fkb5Dfm%2FjpXfftOUe%2FI3kEJrya3wrlWTecGByhSuyFOd9nPQLIOqyLHuEIgRQJpq%2Bm8rOO8JsG3p6p6kH8xx8upeLZtHR2WM2HCGE6ZBGui8S%2Besuj%2BXIRNGTzNMLwx9RXAepRtmi3%2FmeIYbctSytKtlEI%2FSuD6rBwmfBR6K2rjhlQVOGJM%3D","","2019-07-09 21:14:12"
"https://serve.popads.net/checkInventory.php?v=direct&siteId=3134333&dfu=http%3A%2F%2Fuod2quk646.com%2Fw72vkpjeg%3Fkey%3D3c23b02eaac53d8cdb44bdfc555c8b46","","2019-07-09 21:14:11"
"https://chidsimp.com/?ip=3ca85025f00dc74196b9f0bb75a3ec28&pbk3=cb9a6018536e26c1b17a0c189f21187e6711689680409605065&r=%2Foc%2Fhan&universal=1&co=0&rf=1&zoneid=2359759&xref=dmlkY2xvdWQuaWN1&fs=0&cf=0&sw=1366&sh=768&sah=728&wx=-8&wy=-8&ww=1382&wh=744&cw=969&wiw=969&wih=545&wfc=10&pl=https%3A%2F%2Fvidcloud.icu%2Fstreaming.php%3Fid%3DMjY5Njc5%26title%3DStranger%2BThings%2B-%2BSeason%2B3%2BEpisode%2B5%2B-%2BThe%2BSource%26typesub%3DSUB%26sub%3DL3N0cmFuZ2VyLXRoaW5ncy1zZWFzb24tMy1lcGlzb2RlLTUtdGhlLXNvdXJjZS9zdHJhbmdlci10aGluZ3Mtc2Vhc29uLTMtZXBpc29kZS01LXRoZS1zb3VyY2UudnR0%26cover%3DY292ZXIvc3RyYW5nZXItdGhpbmdzLXNlYXNvbi0zLWxhcmdlLnBuZw%3D%3D&drf=https%3A%2F%2Fwww5.yesmovies.gg%2Ffilm%2Fstranger-things-season-3%2Fwatching.html%3Fep%3D5&np=1&pt=0&nb=0&ng=1&ix=1&nw=0","","2019-07-09 21:13:59"
"https://chidsimp.com/1/1365143/?var=2359759","","2019-07-09 21:13:59"
"https://lestsbane-sockgles.com/0c9285c3-9a80-4952-a1c2-2707f2d80856?utm_content=3120859&utm_term=2359759&utm_source=propeller&utm_campaign=2178470&utm_medium=p&ref=p_prop_ia_t135-in_desk&eid=172484541099810816&universal=1","","2019-07-09 21:13:59"
"http://storiespace.com/t47/?&geocode=en-in&tmplcode=mdnt2&cmmnts-text=1&cep=iaRpHZLMDFY1CU9oniYQdsvqQ3OWRtl1gq_AanWIq-Vvc219Z3RziNPRYZlzIDb0OxCaBm8CYcNj8pxM7Q4K6rS-6uKMuBkIYok1tIXXdTTRTuqJ-NKftxmirzN2RvMRNPPAipAI815-l6pLa47R2DZ8-Cq_hmJQF95HZQI7jBDqee01eZ6G4Amqogi-mtWpZcKEusa9ZP8z_ovx9sTtGK2zh3CmwheB_ZXiDuQIfMzpgXcX7D-vC9qqCX_LBFRxB6syxu9mOvQs_M_UDwicHb443O9kjulyZ2v3ucsZMsR0y7g3vuPpHogHmcULNRgkd0hVUAKfaX2ecLtvUN8fU7jb-uC5GOgE79LuL4JnWbXgryE7s6KNnUprbUMIyWKjDU5bJhmOW92vA8Ul3dkiq3IqeUxqlOjmzsT_NSCFWcM&lptoken=156362db6864882e373a&utm_content=3120859&utm_term=2359759&utm_source=propeller&utm_campaign=2178470&utm_medium=p&ref=p_prop_ia_t135-in_desk&eid=172484541099810816&universal=1","28 Year-Old Becomes Richest Man In India Making Money Online","2019-07-09 21:13:59"
"https://www.google.com/favicon.ico","favicon.ico (ICON Image, 16 × 16 pixels)","2019-07-09 21:13:58"
"http://rpgmasterleague.com/general/rpggame_0002/13/index.html?cep=x9ynFibUda9bVc6yW2k1kti62LGToOythcp4NnrSFp88Qlc0P6fDNYexvHO7T6YZnUrV9LIJdWEVc3OzNFo2S70yUG-SHohOO2jq846Bzzbs6pky1PsaJ35UXPadgSWR-1BB6nXQlJeo8poPaVVDhb6NsYrtPj3bJk28P-aNLUvQgzxqA5DpjZF8NbC0lqPpLW7YSVilqdFJIlXqgMSgRU255w75_BhAU9ajYA0vS5PRmxE50xTFw0MEejthIKYLjeyLkgvwJj8SS8WCK7Xg14auCqVXvyfl2CfP8bgT5Bn4xlqsniDhu7cJMw3vfuWzKgVcuJEZ8U2ON6xOIVUV2VYNRtvcfOWFfpKUcGWktZrt0yN_ycUPJnqKBmMQATT45RPYY_-FkFdvhmw7iPmlnUoGPF3yP5YKmircYuh0tZg&lptoken=150e62ff68d888e033c8&zoneid=1995471&bannerid=2769759&geo=IN&random=2de20fec53&SUBID=172484526008700928&campaignid=2005826&ntk=19&cost=0.00020133486845805&universal=1","League of Angels III","2019-07-09 21:13:56"
"https://mousheen.net/1/1407888/?var=1995471","","2019-07-09 21:13:55"
"https://mousheen.net/?ip=3ca85025f00dc74196b9f0bb75a3ec28&pbk3=84ed784e0a7b23cf6b129d01f053053f6711689672322933293&r=%2Foc%2Fhan&universal=1&co=0&rf=1&zoneid=1995471&xref=d3d3NS55ZXNtb3ZpZXMuZ2c&fs=0&cf=0&sw=1366&sh=768&sah=728&wx=-8&wy=-8&ww=1382&wh=744&cw=1349&wiw=1366&wih=657&wfc=7&pl=https%3A%2F%2Fwww5.yesmovies.gg%2Ffilm%2Fstranger-things-season-3%2Fwatching.html%3Fep%3D5&drf=&np=1&pt=0&nb=0&ng=1&ix=0&nw=0","","2019-07-09 21:13:55"
"https://consting-hancessor.com/373d9152-8129-4564-a552-b654bec374b7?zoneid=1995471&bannerid=2769759&geo=IN&random=2de20fec53&SUBID=172484526008700928&campaignid=2005826&ntk=19&cost=0.00020133486845805&universal=1","","2019-07-09 21:13:55"
"https://www5.yesmovies.gg/images/logo-footer.png","logo-footer.png (PNG Image, 573 × 123 pixels)","2019-07-09 21:13:54"
"https://www5.yesmovies.gg/film/stranger-things-season-3/watching.html?ep=5","Watch Stranger Things - Season 3 On Yesmovies","2019-07-09 21:13:46"
"https://www5.yesmovies.gg/","Yesmovies - Watch FREE Movies Online & TV shows","2019-07-09 21:13:40"
"https://www.google.com/search?q=yesmovies.gg&ie=utf-8&oe=utf-8&aq=t&rls=org.mozilla:en-US:official&client=firefox-a&channel=np&source=hp","yesmovies.gg - Google Search","2019-07-09 21:13:37"
"https://iqoption.com/land/start-trading/en/?aff=7814&afftrack=89","IQ Option - Ultimate trading platform. Join the leader","2019-07-09 21:13:21"
"https://deloplen.com/afu.php?zoneid=1407888&var=2416358","Redirect","2019-07-09 21:13:20"
"https://deloplen.com/?rb=rVZwnVFCDs6uW7FXjG9BdV_CtJEL90tRafKP6JdmcfQPsTFzaTq-52knb78oC2u3_5fmyFDVFflEurds72qpLQuuwwBkcksc75nYBRTSMdKVLiu2FQZywlVnLMmpnHYaqS_PjgXfa5hYT6nVhAoRlFurKOvoD2xEwd9n4yClYflpXlIWUQIrwZKXk3eVY01wnX8pjWuE1W8_28Vhr9SMnHxkKYdkbfIwL1PuLuU5yeM%3D&zoneid=2416358&fs=0&cf=0&sw=1366&sh=768&sah=728&wx=-8&wy=-8&ww=1382&wh=744&cw=969&wiw=969&wih=545&wfc=10&pl=https%3A%2F%2Fgcloud.live%2Fv%2Fgq-y4u-637yqemn%23caption%3Dhttps%3A%2F%2Fsub.movie-series.net%2Fstranger-things-season-3-episode-5-the-source%2Fstranger-things-season-3-episode-5-the-source.vtt&drf=https%3A%2F%2Fvidcloud.icu%2Fstreaming.php%3Fid%3DMjY5Njc5%26title%3DStranger%2BThings%2B-%2BSeason%2B3%2BEpisode%2B5%2B-%2BThe%2BSource%26typesub%3DSUB%26sub%3DL3N0cmFuZ2VyLXRoaW5ncy1zZWFzb24tMy1lcGlzb2RlLTUtdGhlLXNvdXJjZS9zdHJhbmdlci10aGluZ3Mtc2Vhc29uLTMtZXBpc29kZS01LXRoZS1zb3VyY2UudnR0%26cover%3DY292ZXIvc3RyYW5nZXItdGhpbmdzLXNlYXNvbi0zLWxhcmdlLnBuZw%3D%3D&np=1&pt=0&nb=0&ng=1&ix=1&nw=0","","2019-07-09 21:13:20"
"https://www5.yesmovies.gg/film/stranger-things-season-3/watching.html?ep=5","Watch Stranger Things - Season 3 On Yesmovies","2019-07-09 21:13:09"
"http://gamescarousel.com/?5d1b5d1ebbe&ag_custom_domain=2416358","","2019-07-09 21:13:06"
"https://deloplen.com/?rb=T5cL1WPTv-W5tNFrt0wkIAhs-kmT_2rkBravrZNfArG6EDZBDJlZnPKgkH7O0TUh8-1h4YSHJj9uVnj02ASdFgZ_Q1noeblpJGPjDQP03S2L2mPGp-o49Ifwn8f_P_A-GoVv4qIsSYPN8x9ybPUvm99Li2V-JjGipH1jHnMK4g-2FgDwdabeA_DvgzvHVGNbQ-uXkHx6aaP48XlnUBCpRFk3tNns_st-KiHrDnCEN3-8yi-2&zoneid=2416358&fs=0&cf=0&sw=1366&sh=768&sah=728&wx=-8&wy=-8&ww=1382&wh=744&cw=969&wiw=969&wih=545&wfc=10&pl=https%3A%2F%2Fgcloud.live%2Fv%2Fgq-y4u-637el3mp%23caption%3Dhttps%3A%2F%2Fsub.movie-series.net%2Fstranger-things-season-3-episode-4-the-sauna-test%2Fstranger-things-season-3-episode-4-the-sauna-test.vtt&drf=https%3A%2F%2Fvidcloud.icu%2Fstreaming.php%3Fid%3DMjY5Njc4%26title%3DStranger%2BThings%2B-%2BSeason%2B3%2BEpisode%2B4%2B-%2BThe%2BSauna%2BTest%26typesub%3DSUB%26sub%3DL3N0cmFuZ2VyLXRoaW5ncy1zZWFzb24tMy1lcGlzb2RlLTQtdGhlLXNhdW5hLXRlc3Qvc3RyYW5nZXItdGhpbmdzLXNlYXNvbi0zLWVwaXNvZGUtNC10aGUtc2F1bmEtdGVzdC52dHQ%3D%26cover%3DY292ZXIvc3RyYW5nZXItdGhpbmdzLXNlYXNvbi0zLWxhcmdlLnBuZw%3D%3D&np=1&pt=0&nb=0&ng=1&ix=1&nw=0","","2019-07-09 21:13:05"
"https://deloplen.com/afu.php?zoneid=1407888&var=2416358","Redirect","2019-07-09 21:13:05"
"http://www.bet365.com/dl/~offer?affiliate=365_767716","","2019-07-09 21:13:01"
"https://chidsimp.com/?ip=3ca85025f00dc74196b9f0bb75a3ec28&pbk3=855881b4347fec5f647899bcad28d0916711689426876623890&r=%2Foc%2Fhan&universal=1&co=1&rf=1&zoneid=2359759&xref=dmlkY2xvdWQuaWN1&fs=0&cf=0&sw=1366&sh=768&sah=728&wx=-8&wy=-8&ww=1382&wh=744&cw=969&wiw=969&wih=545&wfc=8&pl=https%3A%2F%2Fvidcloud.icu%2Fstreaming.php%3Fid%3DMjY5Njc4%26title%3DStranger%2BThings%2B-%2BSeason%2B3%2BEpisode%2B4%2B-%2BThe%2BSauna%2BTest%26typesub%3DSUB%26sub%3DL3N0cmFuZ2VyLXRoaW5ncy1zZWFzb24tMy1lcGlzb2RlLTQtdGhlLXNhdW5hLXRlc3Qvc3RyYW5nZXItdGhpbmdzLXNlYXNvbi0zLWVwaXNvZGUtNC10aGUtc2F1bmEtdGVzdC52dHQ%3D%26cover%3DY292ZXIvc3RyYW5nZXItdGhpbmdzLXNlYXNvbi0zLWxhcmdlLnBuZw%3D%3D&drf=https%3A%2F%2Fwww5.yesmovies.gg%2Ffilm%2Fstranger-things-season-3%2Fwatching.html%3Fep%3D4&np=1&pt=0&nb=0&ng=1&ix=1&nw=0","","2019-07-09 21:13:00"
"https://chidsimp.com/1/1407888/?var=2359759","","2019-07-09 21:13:00"
"http://163.172.229.229/PUOCAIN001?source=2359759&geo=IN&universal=1","","2019-07-09 21:13:00"
"https://www.google.com/favicon.ico","favicon.ico (ICON Image, 16 × 16 pixels)","2019-07-09 21:12:59"
"https://www5.yesmovies.gg/film/stranger-things-season-3/watching.html?ep=4","Watch Stranger Things - Season 3 On Yesmovies","2019-07-09 21:12:49"
"http://163.172.229.229/PUOCAIN001?source=1995471&geo=IN&universal=1","","2019-07-09 21:12:49"
"http://www.bet365.com/dl/~offer?affiliate=365_767716","","2019-07-09 21:12:49"
"https://mousheen.net/?ip=3ca85025f00dc74196b9f0bb75a3ec28&pbk3=8c344e5fdc0e444567535325e27158226711689405835229245&r=%2Foc%2Fhan&universal=1&co=1&rf=1&zoneid=1995471&xref=d3d3NS55ZXNtb3ZpZXMuZ2c&fs=0&cf=0&sw=1366&sh=768&sah=728&wx=-8&wy=-8&ww=1382&wh=744&cw=1349&wiw=1366&wih=657&wfc=7&pl=https%3A%2F%2Fwww5.yesmovies.gg%2Ffilm%2Fstranger-things-season-3%2Fwatching.html%3Fep%3D8&drf=https%3A%2F%2Fwww5.yesmovies.gg%2F&np=1&pt=0&nb=0&ng=1&ix=0&nw=0","","2019-07-09 21:12:48"
"https://mousheen.net/1/1407888/?var=1995471","","2019-07-09 21:12:48"
"https://www5.yesmovies.gg/images/logo-footer.png","logo-footer.png (PNG Image, 573 × 123 pixels)","2019-07-09 21:12:47"
"https://www5.yesmovies.gg/film/stranger-things-season-3/watching.html?ep=8","Watch Stranger Things - Season 3 On Yesmovies","2019-07-09 21:12:45"
"https://www5.yesmovies.gg/film/stranger-things-season-3/watching.html","Watch Stranger Things - Season 3 On Yesmovies","2019-07-09 21:12:42"
"https://www5.yesmovies.gg/","Yesmovies - Watch FREE Movies Online & TV shows","2019-07-09 21:12:16"
"https://www.google.com/search?q=yesmovies.gg&ie=utf-8&oe=utf-8&aq=t&rls=org.mozilla:en-US:official&client=firefox-a&channel=np&source=hp","yesmovies.gg - Google Search","2019-07-09 21:12:12"
"https://support.hp.com/us-en/checkwarranty","HP Product Warranty Check for Laptops, Printers & Other Products | HP® Customer Support","2019-07-05 16:23:15"
"https://www.google.com/search?q=how+to+see+hp+charger+in+warranty+or+not+&ie=utf-8&oe=utf-8&aq=t&rls=org.mozilla:en-US:official&client=firefox-a&channel=np&source=hp","how to see hp charger in warranty or not - Google Search","2019-07-05 16:22:30"
"https://ftp.hp.com/pub/softpaq/sp92501-93000/sp92648.exe","sp92648.exe","2019-07-05 16:18:53"
"https://ftp.hp.com/pub/softpaq/sp92501-93000/sp92648.exe","sp92648.exe","2019-07-05 15:56:53"
"https://support.hp.com/in-en/drivers/selfservice/hp-probook-440-g3-notebook-pc/7834551/model/7834554?sku=Y0T77PA","HP ProBook 440 G3 Notebook PC (ENERGY STAR) - Driver Downloads | HP® Customer Support","2019-07-05 15:52:10"
"https://support.hp.com/in-en/drivers/laptops","HP Software and Driver Downloads for HP Laptops | HP® Customer Support","2019-07-05 15:51:15"
"https://support.hp.com/in-en/drivers","HP Software and Driver Downloads for HP Printers, Laptops, Desktops and More | HP® Customer Support","2019-07-05 15:51:01"
"https://www.google.com/search?q=hp+support&ie=utf-8&oe=utf-8&aq=t&rls=org.mozilla:en-US:official&client=firefox-a&channel=fflb","hp support - Google Search","2019-07-05 15:50:55"
